[{
  "Id": "dealers-659",
  "Name": "Cycle Gear",
  "Address": "8922 Memorial Parkway SW",
  "Address2": null,
  "City": "Huntsville",
  "State": "AL",
  "PostalCode": "35802",
  "Phone": "(256) 883-1691",
  "Website": "www.cyclegear.com",
  "FullState": "Alabama",
  "FullAddress": "8922 Memorial Parkway SW<br/>Huntsville, AL 35802",
  "WebsiteLink": "http://www.cyclegear.com",
  "WebsiteDisplay": "www.cyclegear.com"
}, {
  "Id": "dealers-722",
  "Name": "Cycle Gear",
  "Address": "1661 Montgomery Hwy",
  "Address2": null,
  "City": "Hoover",
  "State": "AL",
  "PostalCode": "35216",
  "Phone": "(205) 438-7819",
  "Website": "www.cyclegear.com",
  "FullState": "Alabama",
  "FullAddress": "1661 Montgomery Hwy<br/>Hoover, AL 35216",
  "WebsiteLink": "http://www.cyclegear.com",
  "WebsiteDisplay": "www.cyclegear.com"
}, {
  "Id": "dealers-1025",
  "Name": "Fastlap Racing Suspension",
  "Address": "2365 Pelham Pkwy",
  "Address2": null,
  "City": "Pelham",
  "State": "AL",
  "PostalCode": "35124",
  "Phone": "(205) 382-4240",
  "Website": "http://www.fastlapmx.com",
  "FullState": "Alabama",
  "FullAddress": "2365 Pelham Pkwy<br/>Pelham, AL 35124",
  "WebsiteLink": "http://www.fastlapmx.com",
  "WebsiteDisplay": "www.fastlapmx.com"
}, {
  "Id": "dealers-692",
  "Name": "Cycle Gear",
  "Address": "1001 South University Ave",
  "Address2": null,
  "City": "Little Rock",
  "State": "AR",
  "PostalCode": "72204",
  "Phone": "(501) 663-2250",
  "Website": "www.cyclegear.com",
  "FullState": "Arkansas",
  "FullAddress": "1001 South University Ave<br/>Little Rock, AR 72204",
  "WebsiteLink": "http://www.cyclegear.com",
  "WebsiteDisplay": "www.cyclegear.com"
}, {
  "Id": "dealers-418",
  "Name": "AEO Powersports - East Valley",
  "Address": "3512 E Southern Ave.",
  "Address2": null,
  "City": "Mesa",
  "State": "AZ",
  "PostalCode": "85204",
  "Phone": "(480) 981-4070",
  "Website": "http://www.aeopowersports.com",
  "FullState": "Arizona",
  "FullAddress": "3512 E Southern Ave.<br/>Mesa, AZ 85204",
  "WebsiteLink": "http://www.aeopowersports.com",
  "WebsiteDisplay": "www.aeopowersports.com"
}, {
  "Id": "dealers-417",
  "Name": "AEO Powersports - West Valley",
  "Address": "19205 N 83rd Ave.",
  "Address2": null,
  "City": "Peoria",
  "State": "AZ",
  "PostalCode": "85382",
  "Phone": "(623) 561-1247",
  "Website": "http://www.aeopowersports.com",
  "FullState": "Arizona",
  "FullAddress": "19205 N 83rd Ave.<br/>Peoria, AZ 85382",
  "WebsiteLink": "http://www.aeopowersports.com",
  "WebsiteDisplay": "www.aeopowersports.com"
}, {
  "Id": "dealers-618",
  "Name": "Cycle Gear",
  "Address": "1040 S. Country Club Drive",
  "Address2": null,
  "City": "Mesa",
  "State": "AZ",
  "PostalCode": "85210",
  "Phone": "(480) 969-5555",
  "Website": "www.cyclegear.com",
  "FullState": "Arizona",
  "FullAddress": "1040 S. Country Club Drive<br/>Mesa, AZ 85210",
  "WebsiteLink": "http://www.cyclegear.com",
  "WebsiteDisplay": "www.cyclegear.com"
}, {
  "Id": "dealers-723",
  "Name": "Cycle Gear",
  "Address": "8337 W Bell Rd Suite 101",
  "Address2": null,
  "City": "Peoria",
  "State": "AZ",
  "PostalCode": "85382",
  "Phone": "(602) 313-6371",
  "Website": "www.cyclegear.com",
  "FullState": "Arizona",
  "FullAddress": "8337 W Bell Rd Suite 101<br/>Peoria, AZ 85382",
  "WebsiteLink": "http://www.cyclegear.com",
  "WebsiteDisplay": "www.cyclegear.com"
}, {
  "Id": "dealers-619",
  "Name": "Cycle Gear",
  "Address": "13220 N. Cave Creek Rd",
  "Address2": null,
  "City": "Phoenix",
  "State": "AZ",
  "PostalCode": "85022",
  "Phone": "(602) 971-1630",
  "Website": "www.cyclegear.com",
  "FullState": "Arizona",
  "FullAddress": "13220 N. Cave Creek Rd<br/>Phoenix, AZ 85022",
  "WebsiteLink": "http://www.cyclegear.com",
  "WebsiteDisplay": "www.cyclegear.com"
}, {
  "Id": "dealers-684",
  "Name": "Cycle Gear",
  "Address": "15643 North Reems Road Suite 102",
  "Address2": null,
  "City": "Surprise",
  "State": "AZ",
  "PostalCode": "85374",
  "Phone": "(623) 474-3335",
  "Website": "www.cyclegear.com",
  "FullState": "Arizona",
  "FullAddress": "15643 North Reems Road Suite 102<br/>Surprise, AZ 85374",
  "WebsiteLink": "http://www.cyclegear.com",
  "WebsiteDisplay": "www.cyclegear.com"
}, {
  "Id": "dealers-625",
  "Name": "Cycle Gear",
  "Address": "2 West Grant Rd",
  "Address2": null,
  "City": "Tucson",
  "State": "AZ",
  "PostalCode": "85705",
  "Phone": "(520) 882-8111",
  "Website": "www.cyclegear.com",
  "FullState": "Arizona",
  "FullAddress": "2 West Grant Rd<br/>Tucson, AZ 85705",
  "WebsiteLink": "http://www.cyclegear.com",
  "WebsiteDisplay": "www.cyclegear.com"
}, {
  "Id": "dealers-195",
  "Name": "RideNow Powersports Chandler",
  "Address": "2677 E Willis Road",
  "Address2": null,
  "City": "Chandler",
  "State": "AZ",
  "PostalCode": "85286",
  "Phone": "(844) 866-2677",
  "Website": "http://www.ridenow.com",
  "FullState": "Arizona",
  "FullAddress": "2677 E Willis Road<br/>Chandler, AZ 85286",
  "WebsiteLink": "http://www.ridenow.com",
  "WebsiteDisplay": "www.ridenow.com"
}, {
  "Id": "dealers-199",
  "Name": "RideNow Powersports Goodyear",
  "Address": "13690 W. Test Drive",
  "Address2": null,
  "City": "Goodyear",
  "State": "AZ",
  "PostalCode": "85338",
  "Phone": "(844) 474-3366",
  "Website": "http://www.ridenow.com",
  "FullState": "Arizona",
  "FullAddress": "13690 W. Test Drive<br/>Goodyear, AZ 85338",
  "WebsiteLink": "http://www.ridenow.com",
  "WebsiteDisplay": "www.ridenow.com"
}, {
  "Id": "dealers-194",
  "Name": "RideNow Powersports on Ina",
  "Address": "4375 W. Ina Road",
  "Address2": null,
  "City": "Tucson",
  "State": "AZ",
  "PostalCode": "85741",
  "Phone": "(520) 579-3939",
  "Website": "https://www.ridenowtucsonwest.com",
  "FullState": "Arizona",
  "FullAddress": "4375 W. Ina Road<br/>Tucson, AZ 85741",
  "WebsiteLink": "https://www.ridenowtucsonwest.com",
  "WebsiteDisplay": "www.ridenowtucsonwest.com"
}, {
  "Id": "dealers-197",
  "Name": "RideNow Powersports Peoria",
  "Address": "8546 W. Ludlow Dr.",
  "Address2": null,
  "City": "Peoria",
  "State": "AZ",
  "PostalCode": "85381",
  "Phone": "(623) 334-3434",
  "Website": "https://www.ridenowpeoria.com",
  "FullState": "Arizona",
  "FullAddress": "8546 W. Ludlow Dr.<br/>Peoria, AZ 85381",
  "WebsiteLink": "https://www.ridenowpeoria.com",
  "WebsiteDisplay": "www.ridenowpeoria.com"
}, {
  "Id": "dealers-196",
  "Name": "RideNow Powersports Phoenix",
  "Address": "17202 N. Cave Creek Road",
  "Address2": null,
  "City": "Phoenix",
  "State": "AZ",
  "PostalCode": "85032",
  "Phone": "(855) 545-1907",
  "Website": "https://www.ridenowphoenix.com",
  "FullState": "Arizona",
  "FullAddress": "17202 N. Cave Creek Road<br/>Phoenix, AZ 85032",
  "WebsiteLink": "https://www.ridenowphoenix.com",
  "WebsiteDisplay": "www.ridenowphoenix.com"
}, {
  "Id": "dealers-198",
  "Name": "RideNow Powersports Surprise",
  "Address": "15380 W. Bell Road",
  "Address2": null,
  "City": "Surprise",
  "State": "AZ",
  "PostalCode": "85374",
  "Phone": "(623) 474-3740",
  "Website": "https://www.ridenowsurprise.com",
  "FullState": "Arizona",
  "FullAddress": "15380 W. Bell Road<br/>Surprise, AZ 85374",
  "WebsiteLink": "https://www.ridenowsurprise.com",
  "WebsiteDisplay": "www.ridenowsurprise.com"
}, {
  "Id": "dealers-193",
  "Name": "RideNow Powersports Tucson",
  "Address": "7501 E. 22nd Street",
  "Address2": null,
  "City": "Tucson",
  "State": "AZ",
  "PostalCode": "85705",
  "Phone": "(520) 747-9141",
  "Website": "https://www.ridenowtucsoneast.com",
  "FullState": "Arizona",
  "FullAddress": "7501 E. 22nd Street<br/>Tucson, AZ 85705",
  "WebsiteLink": "https://www.ridenowtucsoneast.com",
  "WebsiteDisplay": "www.ridenowtucsoneast.com"
}, {
  "Id": "dealers-1",
  "Name": " Thousand Oaks Powersports",
  "Address": "1250 Thousand Oaks Blvd.",
  "Address2": null,
  "City": "Thousand Oaks",
  "State": "CA",
  "PostalCode": "91362",
  "Phone": "(805) 497-3765",
  "Website": "http://www.thousandoakspowersports.com",
  "FullState": "California",
  "FullAddress": "1250 Thousand Oaks Blvd.<br/>Thousand Oaks, CA 91362",
  "WebsiteLink": "http://www.thousandoakspowersports.com",
  "WebsiteDisplay": "www.thousandoakspowersports.com"
}, {
  "Id": "dealers-41",
  "Name": "Chaparral Motorsports",
  "Address": "555 H St",
  "Address2": null,
  "City": "San Bernardino",
  "State": "CA",
  "PostalCode": "92410",
  "Phone": "(800) 841-2960",
  "Website": "http://www.chaparral-racing.com",
  "FullState": "California",
  "FullAddress": "555 H St<br/>San Bernardino, CA 92410",
  "WebsiteLink": "http://www.chaparral-racing.com",
  "WebsiteDisplay": "www.chaparral-racing.com"
}, {
  "Id": "dealers-626",
  "Name": "Cycle Gear",
  "Address": "3915 Ming Ave",
  "Address2": null,
  "City": "Bakersfield",
  "State": "CA",
  "PostalCode": "93309",
  "Phone": "(661) 831-2026",
  "Website": "www.cyclegear.com",
  "FullState": "California",
  "FullAddress": "3915 Ming Ave<br/>Bakersfield, CA 93309",
  "WebsiteLink": "http://www.cyclegear.com",
  "WebsiteDisplay": "www.cyclegear.com"
}, {
  "Id": "dealers-629",
  "Name": "Cycle Gear",
  "Address": "21725 Vanowen St",
  "Address2": null,
  "City": "Canoga Park",
  "State": "CA",
  "PostalCode": "91303",
  "Phone": "(818) 676-0003",
  "Website": "www.cyclegear.com",
  "FullState": "California",
  "FullAddress": "21725 Vanowen St<br/>Canoga Park, CA 91303",
  "WebsiteLink": "http://www.cyclegear.com",
  "WebsiteDisplay": "www.cyclegear.com"
}, {
  "Id": "dealers-720",
  "Name": "Cycle Gear",
  "Address": "5577 Sepulveda Blvd.",
  "Address2": null,
  "City": "Culver City",
  "State": "CA",
  "PostalCode": "90230",
  "Phone": "(310) 574-7457",
  "Website": "www.cyclegear.com",
  "FullState": "California",
  "FullAddress": "5577 Sepulveda Blvd.<br/>Culver City, CA 90230",
  "WebsiteLink": "http://www.cyclegear.com",
  "WebsiteDisplay": "www.cyclegear.com"
}, {
  "Id": "dealers-673",
  "Name": "Cycle Gear",
  "Address": "1525 Holiday Ln",
  "Address2": null,
  "City": "Fairfield",
  "State": "CA",
  "PostalCode": "94534",
  "Phone": "(707) 426-5688",
  "Website": "www.cyclegear.com",
  "FullState": "California",
  "FullAddress": "1525 Holiday Ln<br/>Fairfield, CA 94534",
  "WebsiteLink": "http://www.cyclegear.com",
  "WebsiteDisplay": "www.cyclegear.com"
}, {
  "Id": "dealers-615",
  "Name": "Cycle Gear",
  "Address": "4455 N. Blackstone Ave",
  "Address2": null,
  "City": "Fresno",
  "State": "CA",
  "PostalCode": "93726",
  "Phone": "(559) 221-7600",
  "Website": "www.cyclegear.com",
  "FullState": "California",
  "FullAddress": "4455 N. Blackstone Ave<br/>Fresno, CA 93726",
  "WebsiteLink": "http://www.cyclegear.com",
  "WebsiteDisplay": "www.cyclegear.com"
}, {
  "Id": "dealers-617",
  "Name": "Cycle Gear",
  "Address": "1391 S. Lemon St",
  "Address2": null,
  "City": "Fullerton",
  "State": "CA",
  "PostalCode": "92832",
  "Phone": "(714) 525-4205",
  "Website": "www.cyclegear.com",
  "FullState": "California",
  "FullAddress": "1391 S. Lemon St<br/>Fullerton, CA 92832",
  "WebsiteLink": "http://www.cyclegear.com",
  "WebsiteDisplay": "www.cyclegear.com"
}, {
  "Id": "dealers-695",
  "Name": "Cycle Gear",
  "Address": "6920 Chestnut Street Suite E-1",
  "Address2": null,
  "City": "Gilroy",
  "State": "CA",
  "PostalCode": "95020",
  "Phone": "(408) 847-1810",
  "Website": "www.cyclegear.com",
  "FullState": "California",
  "FullAddress": "6920 Chestnut Street Suite E-1<br/>Gilroy, CA 95020",
  "WebsiteLink": "http://www.cyclegear.com",
  "WebsiteDisplay": "www.cyclegear.com"
}, {
  "Id": "dealers-610",
  "Name": "Cycle Gear",
  "Address": "22249 Mission Blvd",
  "Address2": null,
  "City": "Hayward",
  "State": "CA",
  "PostalCode": "94541",
  "Phone": "(510) 888-9100",
  "Website": "www.cyclegear.com",
  "FullState": "California",
  "FullAddress": "22249 Mission Blvd<br/>Hayward, CA 94541",
  "WebsiteLink": "http://www.cyclegear.com",
  "WebsiteDisplay": "www.cyclegear.com"
}, {
  "Id": "dealers-719",
  "Name": "Cycle Gear",
  "Address": "15021 Goldenwest St.",
  "Address2": null,
  "City": "Huntington Beach",
  "State": "CA",
  "PostalCode": "92647",
  "Phone": "(714) 766-7031",
  "Website": "www.cyclegear.com",
  "FullState": "California",
  "FullAddress": "15021 Goldenwest St.<br/>Huntington Beach, CA 92647",
  "WebsiteLink": "http://www.cyclegear.com",
  "WebsiteDisplay": "www.cyclegear.com"
}, {
  "Id": "dealers-628",
  "Name": "Cycle Gear",
  "Address": "23052 Lake Forest Dr Ste A-2",
  "Address2": null,
  "City": "Laguna Hills",
  "State": "CA",
  "PostalCode": "92653",
  "Phone": "(949) 581-7444",
  "Website": "www.cyclegear.com",
  "FullState": "California",
  "FullAddress": "23052 Lake Forest Dr Ste A-2<br/>Laguna Hills, CA 92653",
  "WebsiteLink": "http://www.cyclegear.com",
  "WebsiteDisplay": "www.cyclegear.com"
}, {
  "Id": "dealers-621",
  "Name": "Cycle Gear",
  "Address": "2040 Pacific Coast Hwy Unit A",
  "Address2": null,
  "City": "Lomita",
  "State": "CA",
  "PostalCode": "90717",
  "Phone": "(310) 530-3500",
  "Website": "www.cyclegear.com",
  "FullState": "California",
  "FullAddress": "2040 Pacific Coast Hwy Unit A<br/>Lomita, CA 90717",
  "WebsiteLink": "http://www.cyclegear.com",
  "WebsiteDisplay": "www.cyclegear.com"
}, {
  "Id": "dealers-639",
  "Name": "Cycle Gear",
  "Address": "1521 N. Carpenter Road Suite F3",
  "Address2": null,
  "City": "Modesto",
  "State": "CA",
  "PostalCode": "95351",
  "Phone": "(209) 576-0201",
  "Website": "www.cyclegear.com",
  "FullState": "California",
  "FullAddress": "1521 N. Carpenter Road Suite F3<br/>Modesto, CA 95351",
  "WebsiteLink": "http://www.cyclegear.com",
  "WebsiteDisplay": "www.cyclegear.com"
}, {
  "Id": "dealers-634",
  "Name": "Cycle Gear",
  "Address": "26755 Jefferson Ave, Suite C-2",
  "Address2": null,
  "City": "Murrieta",
  "State": "CA",
  "PostalCode": "92562",
  "Phone": "(951) 600-0097",
  "Website": "www.cyclegear.com",
  "FullState": "California",
  "FullAddress": "26755 Jefferson Ave, Suite C-2<br/>Murrieta, CA 92562",
  "WebsiteLink": "http://www.cyclegear.com",
  "WebsiteDisplay": "www.cyclegear.com"
}, {
  "Id": "dealers-612",
  "Name": "Cycle Gear",
  "Address": "24508 Lyons Ave",
  "Address2": null,
  "City": "Newhall",
  "State": "CA",
  "PostalCode": "91321",
  "Phone": "(661) 255-6522",
  "Website": "www.cyclegear.com",
  "FullState": "California",
  "FullAddress": "24508 Lyons Ave<br/>Newhall, CA 91321",
  "WebsiteLink": "http://www.cyclegear.com",
  "WebsiteDisplay": "www.cyclegear.com"
}, {
  "Id": "dealers-627",
  "Name": "Cycle Gear",
  "Address": "2381 Vineyard Ave",
  "Address2": null,
  "City": "Oxnard",
  "State": "CA",
  "PostalCode": "93030",
  "Phone": "(805) 981-8881",
  "Website": "www.cyclegear.com",
  "FullState": "California",
  "FullAddress": "2381 Vineyard Ave<br/>Oxnard, CA 93030",
  "WebsiteLink": "http://www.cyclegear.com",
  "WebsiteDisplay": "www.cyclegear.com"
}, {
  "Id": "dealers-652",
  "Name": "Cycle Gear",
  "Address": "5749 Pacheco Blvd",
  "Address2": null,
  "City": "Pacheco",
  "State": "CA",
  "PostalCode": "94553",
  "Phone": "(925) 680-8018",
  "Website": "www.cyclegear.com",
  "FullState": "California",
  "FullAddress": "5749 Pacheco Blvd<br/>Pacheco, CA 94553",
  "WebsiteLink": "http://www.cyclegear.com",
  "WebsiteDisplay": "www.cyclegear.com"
}, {
  "Id": "dealers-667",
  "Name": "Cycle Gear",
  "Address": "550 W. Rancho Vista Blvd Suite B",
  "Address2": null,
  "City": "Palmdale",
  "State": "CA",
  "PostalCode": "93551",
  "Phone": "(661) 273-6113",
  "Website": "www.cyclegear.com",
  "FullState": "California",
  "FullAddress": "550 W. Rancho Vista Blvd Suite B<br/>Palmdale, CA 93551",
  "WebsiteLink": "http://www.cyclegear.com",
  "WebsiteDisplay": "www.cyclegear.com"
}, {
  "Id": "dealers-677",
  "Name": "Cycle Gear",
  "Address": "4145 Century Blvd.",
  "Address2": null,
  "City": "Pittsburg",
  "State": "CA",
  "PostalCode": "94565",
  "Phone": "(925) 757-3903",
  "Website": "www.cyclegear.com",
  "FullState": "California",
  "FullAddress": "4145 Century Blvd.<br/>Pittsburg, CA 94565",
  "WebsiteLink": "http://www.cyclegear.com",
  "WebsiteDisplay": "www.cyclegear.com"
}, {
  "Id": "dealers-630",
  "Name": "Cycle Gear",
  "Address": "5755 Johnson Dr",
  "Address2": null,
  "City": "Pleasanton",
  "State": "CA",
  "PostalCode": "94588",
  "Phone": "(925) 251-1110",
  "Website": "www.cyclegear.com",
  "FullState": "California",
  "FullAddress": "5755 Johnson Dr<br/>Pleasanton, CA 94588",
  "WebsiteLink": "http://www.cyclegear.com",
  "WebsiteDisplay": "www.cyclegear.com"
}, {
  "Id": "dealers-725",
  "Name": "Cycle Gear",
  "Address": "10910 Olson Dr. #150",
  "Address2": null,
  "City": "Rancho Cordova",
  "State": "CA",
  "PostalCode": "95670",
  "Phone": "(916) 463-0000",
  "Website": "www.cyclegear.com",
  "FullState": "California",
  "FullAddress": "10910 Olson Dr. #150<br/>Rancho Cordova, CA 95670",
  "WebsiteLink": "http://www.cyclegear.com",
  "WebsiteDisplay": "www.cyclegear.com"
}, {
  "Id": "dealers-663",
  "Name": "Cycle Gear",
  "Address": "2611 Bechelli Ln",
  "Address2": null,
  "City": "Redding",
  "State": "CA",
  "PostalCode": "96002",
  "Phone": "(530) 223-9007",
  "Website": "www.cyclegear.com",
  "FullState": "California",
  "FullAddress": "2611 Bechelli Ln<br/>Redding, CA 96002",
  "WebsiteLink": "http://www.cyclegear.com",
  "WebsiteDisplay": "www.cyclegear.com"
}, {
  "Id": "dealers-611",
  "Name": "Cycle Gear",
  "Address": "1326 El Camino Real",
  "Address2": null,
  "City": "Redwood City",
  "State": "CA",
  "PostalCode": "94063",
  "Phone": "(650) 365-1100",
  "Website": "www.cyclegear.com",
  "FullState": "California",
  "FullAddress": "1326 El Camino Real<br/>Redwood City, CA 94063",
  "WebsiteLink": "http://www.cyclegear.com",
  "WebsiteDisplay": "www.cyclegear.com"
}, {
  "Id": "dealers-726",
  "Name": "Cycle Gear",
  "Address": "3386 Tyler St.",
  "Address2": null,
  "City": "Riverside",
  "State": "CA",
  "PostalCode": "92503",
  "Phone": "(951) 509-9000",
  "Website": "www.cyclegear.com",
  "FullState": "California",
  "FullAddress": "3386 Tyler St.<br/>Riverside, CA 92503",
  "WebsiteLink": "http://www.cyclegear.com",
  "WebsiteDisplay": "www.cyclegear.com"
}, {
  "Id": "dealers-701",
  "Name": "Cycle Gear",
  "Address": "4240 Kearny Mesa Rd #111",
  "Address2": null,
  "City": "San Diego",
  "State": "CA",
  "PostalCode": "92111",
  "Phone": "(858) 565-2500",
  "Website": "www.cyclegear.com",
  "FullState": "California",
  "FullAddress": "4240 Kearny Mesa Rd #111<br/>San Diego, CA 92111",
  "WebsiteLink": "http://www.cyclegear.com",
  "WebsiteDisplay": "www.cyclegear.com"
}, {
  "Id": "dealers-641",
  "Name": "Cycle Gear",
  "Address": "1500 Harrison Street",
  "Address2": null,
  "City": "San Francisco",
  "State": "CA",
  "PostalCode": "94103",
  "Phone": "(415) 487-2710",
  "Website": "www.cyclegear.com",
  "FullState": "California",
  "FullAddress": "1500 Harrison Street<br/>San Francisco, CA 94103",
  "WebsiteLink": "http://www.cyclegear.com",
  "WebsiteDisplay": "www.cyclegear.com"
}, {
  "Id": "dealers-613",
  "Name": "Cycle Gear",
  "Address": "1515 Parkmoor Ave",
  "Address2": null,
  "City": "San Jose",
  "State": "CA",
  "PostalCode": "95128",
  "Phone": "(408) 288-5051",
  "Website": "www.cyclegear.com",
  "FullState": "California",
  "FullAddress": "1515 Parkmoor Ave<br/>San Jose, CA 95128",
  "WebsiteLink": "http://www.cyclegear.com",
  "WebsiteDisplay": "www.cyclegear.com"
}, {
  "Id": "dealers-690",
  "Name": "Cycle Gear",
  "Address": "445 B Madonna Road",
  "Address2": null,
  "City": "San Luis Obispo",
  "State": "CA",
  "PostalCode": "93405",
  "Phone": "(805) 783-2660",
  "Website": "www.cyclegear.com",
  "FullState": "California",
  "FullAddress": "445 B Madonna Road<br/>San Luis Obispo, CA 93405",
  "WebsiteLink": "http://www.cyclegear.com",
  "WebsiteDisplay": "www.cyclegear.com"
}, {
  "Id": "dealers-623",
  "Name": "Cycle Gear",
  "Address": "630 Nordahl Rd",
  "Address2": null,
  "City": "San Marcos",
  "State": "CA",
  "PostalCode": "92069",
  "Phone": "(760) 233-2299",
  "Website": "www.cyclegear.com",
  "FullState": "California",
  "FullAddress": "630 Nordahl Rd<br/>San Marcos, CA 92069",
  "WebsiteLink": "http://www.cyclegear.com",
  "WebsiteDisplay": "www.cyclegear.com"
}, {
  "Id": "dealers-638",
  "Name": "Cycle Gear",
  "Address": "3011 Santa Rosa Ave, Suite B",
  "Address2": null,
  "City": "Santa Rosa",
  "State": "CA",
  "PostalCode": "95407",
  "Phone": "(707) 522-1320",
  "Website": "www.cyclegear.com",
  "FullState": "California",
  "FullAddress": "3011 Santa Rosa Ave, Suite B<br/>Santa Rosa, CA 95407",
  "WebsiteLink": "http://www.cyclegear.com",
  "WebsiteDisplay": "www.cyclegear.com"
}, {
  "Id": "dealers-670",
  "Name": "Cycle Gear",
  "Address": "14052 Park Ave",
  "Address2": null,
  "City": "Victorville",
  "State": "CA",
  "PostalCode": "92392",
  "Phone": "(760) 955-2555",
  "Website": "www.cyclegear.com",
  "FullState": "California",
  "FullAddress": "14052 Park Ave<br/>Victorville, CA 92392",
  "WebsiteLink": "http://www.cyclegear.com",
  "WebsiteDisplay": "www.cyclegear.com"
}, {
  "Id": "dealers-656",
  "Name": "Cycle Gear",
  "Address": "2226 S Mooney Blvd Suite A-1",
  "Address2": null,
  "City": "Visalia",
  "State": "CA",
  "PostalCode": "93277",
  "Phone": "(559) 749-0667",
  "Website": "www.cyclegear.com",
  "FullState": "California",
  "FullAddress": "2226 S Mooney Blvd Suite A-1<br/>Visalia, CA 93277",
  "WebsiteLink": "http://www.cyclegear.com",
  "WebsiteDisplay": "www.cyclegear.com"
}, {
  "Id": "dealers-700",
  "Name": "Cycle Gear",
  "Address": "5400 Date Ave, Suite A3",
  "Address2": null,
  "City": "Sacramento",
  "State": "CA",
  "PostalCode": "95841",
  "Phone": "(916) 338-1649",
  "Website": "www.cyclegear.com",
  "FullState": "California",
  "FullAddress": "5400 Date Ave, Suite A3<br/>Sacramento, CA 95841",
  "WebsiteLink": "http://www.cyclegear.com",
  "WebsiteDisplay": "www.cyclegear.com"
}, {
  "Id": "dealers-225",
  "Name": "Del Amo Motorsports",
  "Address": "2500 Marine Avenue",
  "Address2": null,
  "City": "Redondo Beach",
  "State": "CA",
  "PostalCode": "90278",
  "Phone": "(310) 220-2223",
  "Website": "http://www.delamomotorsports.com",
  "FullState": "California",
  "FullAddress": "2500 Marine Avenue<br/>Redondo Beach, CA 90278",
  "WebsiteLink": "http://www.delamomotorsports.com",
  "WebsiteDisplay": "www.delamomotorsports.com"
}, {
  "Id": "dealers-1121",
  "Name": "Driscoll's Sports",
  "Address": "1470 W State St #3",
  "Address2": null,
  "City": "El Centro",
  "State": "CA",
  "PostalCode": "92243",
  "Phone": "(760) 353-1105",
  "Website": "http://www.driscolls.net",
  "FullState": "California",
  "FullAddress": "1470 W State St #3<br/>El Centro, CA 92243",
  "WebsiteLink": "http://www.driscolls.net",
  "WebsiteDisplay": "www.driscolls.net"
}, {
  "Id": "dealers-33",
  "Name": "Faultline Powersports",
  "Address": "351 San Felipe Rd",
  "Address2": null,
  "City": "Hollister",
  "State": "CA",
  "PostalCode": "95023",
  "Phone": "(831) 637-8550",
  "Website": "http://www.faultlinemc.com",
  "FullState": "California",
  "FullAddress": "351 San Felipe Rd<br/>Hollister, CA 95023",
  "WebsiteLink": "http://www.faultlinemc.com",
  "WebsiteDisplay": "www.faultlinemc.com"
}, {
  "Id": "dealers-65",
  "Name": "Ken and Joe's",
  "Address": "26081 Bouquet Canyon Rd.",
  "Address2": null,
  "City": "Santa Clarita",
  "State": "CA",
  "PostalCode": "91350",
  "Phone": "(661) 254-2929",
  "Website": "http://www.kenandjoes.com",
  "FullState": "California",
  "FullAddress": "26081 Bouquet Canyon Rd.<br/>Santa Clarita, CA 91350",
  "WebsiteLink": "http://www.kenandjoes.com",
  "WebsiteDisplay": "www.kenandjoes.com"
}, {
  "Id": "dealers-1185",
  "Name": "Langston Motorsports",
  "Address": "1622 Illinois Ave",
  "Address2": null,
  "City": "Perris",
  "State": "CA",
  "PostalCode": "92570",
  "Phone": "(951) 471-8205",
  "Website": "http://www.langstonmotorsports.com",
  "FullState": "California",
  "FullAddress": "1622 Illinois Ave<br/>Perris, CA 92570",
  "WebsiteLink": "http://www.langstonmotorsports.com",
  "WebsiteDisplay": "www.langstonmotorsports.com"
}, {
  "Id": "dealers-545",
  "Name": "Mid Cities Motorsports",
  "Address": "15725 Lakewood Blvd. ",
  "Address2": null,
  "City": "Paramount",
  "State": "CA",
  "PostalCode": "90723",
  "Phone": "(562) 531-1225",
  "Website": "http://www.midcitieshonda.com",
  "FullState": "California",
  "FullAddress": "15725 Lakewood Blvd. <br/>Paramount, CA 90723",
  "WebsiteLink": "http://www.midcitieshonda.com",
  "WebsiteDisplay": "www.midcitieshonda.com"
}, {
  "Id": "dealers-34",
  "Name": "Mission Motorsports",
  "Address": "1 Doppler",
  "Address2": null,
  "City": "Irvine",
  "State": "CA",
  "PostalCode": "92618",
  "Phone": "(949) 582-0351",
  "Website": "http://www.missionmotorsports.com",
  "FullState": "California",
  "FullAddress": "1 Doppler<br/>Irvine, CA 92618",
  "WebsiteLink": "http://www.missionmotorsports.com",
  "WebsiteDisplay": "www.missionmotorsports.com"
}, {
  "Id": "dealers-353",
  "Name": "Motowearhouse",
  "Address": "125 Business Center Dr. ",
  "Address2": null,
  "City": "Corona",
  "State": "CA",
  "PostalCode": "92880",
  "Phone": "(949) 302-9692",
  "Website": "www.motowearhouse.com",
  "FullState": "California",
  "FullAddress": "125 Business Center Dr. <br/>Corona, CA 92880",
  "WebsiteLink": "http://www.motowearhouse.com",
  "WebsiteDisplay": "www.motowearhouse.com"
}, {
  "Id": "dealers-42",
  "Name": "MotoWorld of El Cajon",
  "Address": "315 Magnolia Ave",
  "Address2": null,
  "City": "El Cajon",
  "State": "CA",
  "PostalCode": "92020",
  "Phone": "(619) 442-0941",
  "Website": "http://motoworldracing.com",
  "FullState": "California",
  "FullAddress": "315 Magnolia Ave<br/>El Cajon, CA 92020",
  "WebsiteLink": "http://motoworldracing.com",
  "WebsiteDisplay": "motoworldracing.com"
}, {
  "Id": "dealers-36",
  "Name": "NCY – Motorsports",
  "Address": "2333 Montiel Rd",
  "Address2": null,
  "City": "San Marcos",
  "State": "CA",
  "PostalCode": "92069",
  "Phone": "(760) 432-9501",
  "Website": "http://www.ncy-motorsports.com",
  "FullState": "California",
  "FullAddress": "2333 Montiel Rd<br/>San Marcos, CA 92069",
  "WebsiteLink": "http://www.ncy-motorsports.com",
  "WebsiteDisplay": "www.ncy-motorsports.com"
}, {
  "Id": "dealers-1155",
  "Name": "North Bay Motorsport",
  "Address": "55 College Ave.",
  "Address2": null,
  "City": "Santa Rosa",
  "State": "CA",
  "PostalCode": "95401",
  "Phone": "(707) 542-5355",
  "Website": "www.northbaymotorsport.com",
  "FullState": "California",
  "FullAddress": "55 College Ave.<br/>Santa Rosa, CA 95401",
  "WebsiteLink": "http://www.northbaymotorsport.com",
  "WebsiteDisplay": "www.northbaymotorsport.com"
}, {
  "Id": "dealers-37",
  "Name": "North County House of Motorcycles",
  "Address": "Vista Gateway Regional Shopping Center",
  "Address2": "1725 Hacienda Dr",
  "City": "Vista",
  "State": "CA",
  "PostalCode": "92081",
  "Phone": "(760) 433-4333",
  "Website": "http://www.nchouseofmotorcycles.com",
  "FullState": "California",
  "FullAddress": "Vista Gateway Regional Shopping Center<br/>1725 Hacienda Dr<br/>Vista, CA 92081",
  "WebsiteLink": "http://www.nchouseofmotorcycles.com",
  "WebsiteDisplay": "www.nchouseofmotorcycles.com"
}, {
  "Id": "dealers-1057",
  "Name": "Premier Sports Outlet",
  "Address": "2524 Alpine Blvd.",
  "Address2": null,
  "City": "Alpine",
  "State": "CA",
  "PostalCode": "91901",
  "Phone": "(619) 677-0468",
  "Website": "http://www.premiersportsoutlet.com",
  "FullState": "California",
  "FullAddress": "2524 Alpine Blvd.<br/>Alpine, CA 91901",
  "WebsiteLink": "http://www.premiersportsoutlet.com",
  "WebsiteDisplay": "www.premiersportsoutlet.com"
}, {
  "Id": "dealers-38",
  "Name": "Roseville Honda",
  "Address": "360 N Sunrise Ave #150",
  "Address2": null,
  "City": "Roseville",
  "State": "CA",
  "PostalCode": "95661",
  "Phone": "(916) 784-6632",
  "Website": "http://www.rosevillehonda.com",
  "FullState": "California",
  "FullAddress": "360 N Sunrise Ave #150<br/>Roseville, CA 95661",
  "WebsiteLink": "http://www.rosevillehonda.com",
  "WebsiteDisplay": "www.rosevillehonda.com"
}, {
  "Id": "dealers-482",
  "Name": "RX Moto",
  "Address": "401 Old County Rd. ",
  "Address2": null,
  "City": "Belmont",
  "State": "CA",
  "PostalCode": "94022",
  "Phone": "(415) 318-0793",
  "Website": "https://rx-moto.com",
  "FullState": "California",
  "FullAddress": "401 Old County Rd. <br/>Belmont, CA 94022",
  "WebsiteLink": "https://rx-moto.com",
  "WebsiteDisplay": "rx-moto.com"
}, {
  "Id": "dealers-97",
  "Name": "Simi Valley Cycles",
  "Address": "2902 E Los Angeles Ave.",
  "Address2": null,
  "City": "Simi Valley",
  "State": "CA",
  "PostalCode": "93065",
  "Phone": "(805) 522-3434",
  "Website": "http://www.simivalleycycles.com",
  "FullState": "California",
  "FullAddress": "2902 E Los Angeles Ave.<br/>Simi Valley, CA 93065",
  "WebsiteLink": "http://www.simivalleycycles.com",
  "WebsiteDisplay": "www.simivalleycycles.com"
}, {
  "Id": "dealers-961",
  "Name": "Simi Valley Harley-Davidson",
  "Address": "6190 Concor Drive",
  "Address2": null,
  "City": "Simi Valley",
  "State": "CA",
  "PostalCode": "93021",
  "Phone": "(805) 552-9555",
  "Website": "http://simiharley.com",
  "FullState": "California",
  "FullAddress": "6190 Concor Drive<br/>Simi Valley, CA 93021",
  "WebsiteLink": "http://simiharley.com",
  "WebsiteDisplay": "simiharley.com"
}, {
  "Id": "dealers-39",
  "Name": "SouthBay Motorsports",
  "Address": "1890 Auto Park Pl",
  "Address2": null,
  "City": "Chula Vista",
  "State": "CA",
  "PostalCode": "91911",
  "Phone": "(619) 420-2300",
  "Website": "http://www.sbmotor.com",
  "FullState": "California",
  "FullAddress": "1890 Auto Park Pl<br/>Chula Vista, CA 91911",
  "WebsiteLink": "http://www.sbmotor.com",
  "WebsiteDisplay": "www.sbmotor.com"
}, {
  "Id": "dealers-40",
  "Name": "Temecula Motorsports",
  "Address": "26860 Jefferson Ave",
  "Address2": null,
  "City": "Murrieta",
  "State": "CA",
  "PostalCode": "92562",
  "Phone": "(951) 698-4123",
  "Website": "http://www.temeculamotorsports.com",
  "FullState": "California",
  "FullAddress": "26860 Jefferson Ave<br/>Murrieta, CA 92562",
  "WebsiteLink": "http://www.temeculamotorsports.com",
  "WebsiteDisplay": "www.temeculamotorsports.com"
}, {
  "Id": "dealers-449",
  "Name": "Tri-County Powersports",
  "Address": "6176 Condor Dr.",
  "Address2": null,
  "City": "Moorpark",
  "State": "CA",
  "PostalCode": "93021",
  "Phone": "(805) 553-1933",
  "Website": "http://tri-countypowersports.com",
  "FullState": "California",
  "FullAddress": "6176 Condor Dr.<br/>Moorpark, CA 93021",
  "WebsiteLink": "http://tri-countypowersports.com",
  "WebsiteDisplay": "tri-countypowersports.com"
}, {
  "Id": "dealers-614",
  "Name": "Cycle Gear",
  "Address": "63 Tolland Turnpike",
  "Address2": null,
  "City": "Manchester",
  "State": "CT",
  "PostalCode": "06040",
  "Phone": "(860) 647-1022",
  "Website": "www.cyclegear.com",
  "FullState": "Connecticut",
  "FullAddress": "63 Tolland Turnpike<br/>Manchester, CT 06040",
  "WebsiteLink": "http://www.cyclegear.com",
  "WebsiteDisplay": "www.cyclegear.com"
}, {
  "Id": "dealers-683",
  "Name": "Cycle Gear",
  "Address": "527 Boston Post Road",
  "Address2": null,
  "City": "Orange",
  "State": "CT",
  "PostalCode": "06477",
  "Phone": "(203) 891-0716",
  "Website": "www.cyclegear.com",
  "FullState": "Connecticut",
  "FullAddress": "527 Boston Post Road<br/>Orange, CT 06477",
  "WebsiteLink": "http://www.cyclegear.com",
  "WebsiteDisplay": "www.cyclegear.com"
}, {
  "Id": "dealers-693",
  "Name": "Cycle Gear",
  "Address": "1273 Quintilio Drive",
  "Address2": null,
  "City": "Bear",
  "State": "DE",
  "PostalCode": "19701",
  "Phone": "(302) 832-7270",
  "Website": "www.cyclegear.com",
  "FullState": "Delaware",
  "FullAddress": "1273 Quintilio Drive<br/>Bear, DE 19701",
  "WebsiteLink": "http://www.cyclegear.com",
  "WebsiteDisplay": "www.cyclegear.com"
}, {
  "Id": "dealers-680",
  "Name": "Cycle Gear",
  "Address": "1808 W. International Speedway Blvd #404",
  "Address2": null,
  "City": "Daytona Beach",
  "State": "FL",
  "PostalCode": "32114",
  "Phone": "(386) 257-0242",
  "Website": "www.cyclegear.com",
  "FullState": "Florida",
  "FullAddress": "1808 W. International Speedway Blvd #404<br/>Daytona Beach, FL 32114",
  "WebsiteLink": "http://www.cyclegear.com",
  "WebsiteDisplay": "www.cyclegear.com"
}, {
  "Id": "dealers-650",
  "Name": "Cycle Gear",
  "Address": "11702 Beach Blvd Ste. 105 & 106",
  "Address2": null,
  "City": "Jacksonville",
  "State": "FL",
  "PostalCode": "32246",
  "Phone": "(904) 564-9800",
  "Website": "www.cyclegear.com",
  "FullState": "Florida",
  "FullAddress": "11702 Beach Blvd Ste. 105 & 106<br/>Jacksonville, FL 32246",
  "WebsiteLink": "http://www.cyclegear.com",
  "WebsiteDisplay": "www.cyclegear.com"
}, {
  "Id": "dealers-669",
  "Name": "Cycle Gear",
  "Address": "4834 N. University Dr.",
  "Address2": null,
  "City": "Lauderhill",
  "State": "FL",
  "PostalCode": "33351",
  "Phone": "(954) 746-2172",
  "Website": "www.cyclegear.com",
  "FullState": "Florida",
  "FullAddress": "4834 N. University Dr.<br/>Lauderhill, FL 33351",
  "WebsiteLink": "http://www.cyclegear.com",
  "WebsiteDisplay": "www.cyclegear.com"
}, {
  "Id": "dealers-654",
  "Name": "Cycle Gear",
  "Address": "1765 NE 163rd St",
  "Address2": null,
  "City": "N. Miami Beach",
  "State": "FL",
  "PostalCode": "33162",
  "Phone": "(305) 944-1632",
  "Website": "www.cyclegear.com",
  "FullState": "Florida",
  "FullAddress": "1765 NE 163rd St<br/>N. Miami Beach, FL 33162",
  "WebsiteLink": "http://www.cyclegear.com",
  "WebsiteDisplay": "www.cyclegear.com"
}, {
  "Id": "dealers-696",
  "Name": "Cycle Gear",
  "Address": "1540 Wells Road Suite 7",
  "Address2": null,
  "City": "Orange Park",
  "State": "FL",
  "PostalCode": "32073",
  "Phone": "(904) 269-3740",
  "Website": "www.cyclegear.com",
  "FullState": "Florida",
  "FullAddress": "1540 Wells Road Suite 7<br/>Orange Park, FL 32073",
  "WebsiteLink": "http://www.cyclegear.com",
  "WebsiteDisplay": "www.cyclegear.com"
}, {
  "Id": "dealers-647",
  "Name": "Cycle Gear",
  "Address": "5032 E. Colonial Drive",
  "Address2": null,
  "City": "Orlando",
  "State": "FL",
  "PostalCode": "32803",
  "Phone": "(321) 299-9903",
  "Website": "www.cyclegear.com",
  "FullState": "Florida",
  "FullAddress": "5032 E. Colonial Drive<br/>Orlando, FL 32803",
  "WebsiteLink": "http://www.cyclegear.com",
  "WebsiteDisplay": "www.cyclegear.com"
}, {
  "Id": "dealers-651",
  "Name": "Cycle Gear",
  "Address": "7201 US Highway 19 North",
  "Address2": null,
  "City": "Pinellas Park",
  "State": "FL",
  "PostalCode": "33781",
  "Phone": "(727) 521-6018",
  "Website": "www.cyclegear.com",
  "FullState": "Florida",
  "FullAddress": "7201 US Highway 19 North<br/>Pinellas Park, FL 33781",
  "WebsiteLink": "http://www.cyclegear.com",
  "WebsiteDisplay": "www.cyclegear.com"
}, {
  "Id": "dealers-664",
  "Name": "Cycle Gear",
  "Address": "1157 Rinehart Rd",
  "Address2": null,
  "City": "Sanford",
  "State": "FL",
  "PostalCode": "32771",
  "Phone": "(407) 324-4820",
  "Website": "www.cyclegear.com",
  "FullState": "Florida",
  "FullAddress": "1157 Rinehart Rd<br/>Sanford, FL 32771",
  "WebsiteLink": "http://www.cyclegear.com",
  "WebsiteDisplay": "www.cyclegear.com"
}, {
  "Id": "dealers-655",
  "Name": "Cycle Gear",
  "Address": "112 W. Fletcher Avenue",
  "Address2": null,
  "City": "Tampa",
  "State": "FL",
  "PostalCode": "33612",
  "Phone": "(813) 932-9300",
  "Website": "www.cyclegear.com",
  "FullState": "Florida",
  "FullAddress": "112 W. Fletcher Avenue<br/>Tampa, FL 33612",
  "WebsiteLink": "http://www.cyclegear.com",
  "WebsiteDisplay": "www.cyclegear.com"
}, {
  "Id": "dealers-657",
  "Name": "Cycle Gear",
  "Address": "858 North Military Trail",
  "Address2": null,
  "City": "W Palm Beach",
  "State": "FL",
  "PostalCode": "33415",
  "Phone": "(561) 697-2660",
  "Website": "www.cyclegear.com",
  "FullState": "Florida",
  "FullAddress": "858 North Military Trail<br/>W Palm Beach, FL 33415",
  "WebsiteLink": "http://www.cyclegear.com",
  "WebsiteDisplay": "www.cyclegear.com"
}, {
  "Id": "dealers-205",
  "Name": "RideNow Powersports Ocala",
  "Address": "3880 N US HWY 441",
  "Address2": null,
  "City": "Ocala",
  "State": "FL",
  "PostalCode": "34475",
  "Phone": "(352) 732-8531",
  "Website": "https://www.ridenowocala.com",
  "FullState": "Florida",
  "FullAddress": "3880 N US HWY 441<br/>Ocala, FL 34475",
  "WebsiteLink": "https://www.ridenowocala.com",
  "WebsiteDisplay": "www.ridenowocala.com"
}, {
  "Id": "dealers-994",
  "Name": "The Dirt Shop",
  "Address": "3400 NW 27TH Ave",
  "Address2": null,
  "City": "Miami",
  "State": "FL",
  "PostalCode": "33142",
  "Phone": "(305) 603-7019 or (850)792-3237",
  "Website": null,
  "FullState": "Florida",
  "FullAddress": "3400 NW 27TH Ave<br/>Miami, FL 33142",
  "WebsiteLink": "",
  "WebsiteDisplay": ""
}, {
  "Id": "dealers-729",
  "Name": "Cycle Gear",
  "Address": "5886 Wendy Bagwell Parkway, Ste. 305",
  "Address2": null,
  "City": "Hiram",
  "State": "GA",
  "PostalCode": "30141",
  "Phone": "(678) 403-8744",
  "Website": "www.cyclegear.com",
  "FullState": "Georgia",
  "FullAddress": "5886 Wendy Bagwell Parkway, Ste. 305<br/>Hiram, GA 30141",
  "WebsiteLink": "http://www.cyclegear.com",
  "WebsiteDisplay": "www.cyclegear.com"
}, {
  "Id": "dealers-645",
  "Name": "Cycle Gear",
  "Address": "722 Collins Hill Road",
  "Address2": null,
  "City": "Lawrenceville",
  "State": "GA",
  "PostalCode": "30046",
  "Phone": "(678) 225-0131",
  "Website": "www.cyclegear.com",
  "FullState": "Georgia",
  "FullAddress": "722 Collins Hill Road<br/>Lawrenceville, GA 30046",
  "WebsiteLink": "http://www.cyclegear.com",
  "WebsiteDisplay": "www.cyclegear.com"
}, {
  "Id": "dealers-728",
  "Name": "Cycle Gear",
  "Address": "1954 Mt. Zion Rd.",
  "Address2": null,
  "City": "Morrow",
  "State": "GA",
  "PostalCode": "30260",
  "Phone": "(770) 478-3070",
  "Website": "www.cyclegear.com",
  "FullState": "Georgia",
  "FullAddress": "1954 Mt. Zion Rd.<br/>Morrow, GA 30260",
  "WebsiteLink": "http://www.cyclegear.com",
  "WebsiteDisplay": "www.cyclegear.com"
}, {
  "Id": "dealers-691",
  "Name": "Cycle Gear",
  "Address": "11230 Alpharetta Highway Unit 112 & 113",
  "Address2": null,
  "City": "Roswell",
  "State": "GA",
  "PostalCode": "30076",
  "Phone": "(770) 752-1820",
  "Website": "www.cyclegear.com",
  "FullState": "Georgia",
  "FullAddress": "11230 Alpharetta Highway Unit 112 & 113<br/>Roswell, GA 30076",
  "WebsiteLink": "http://www.cyclegear.com",
  "WebsiteDisplay": "www.cyclegear.com"
}, {
  "Id": "dealers-644",
  "Name": "Cycle Gear",
  "Address": "2441 Cobb Parkway",
  "Address2": null,
  "City": "Smyrna",
  "State": "GA",
  "PostalCode": "30080",
  "Phone": "(770) 272-9873",
  "Website": "www.cyclegear.com",
  "FullState": "Georgia",
  "FullAddress": "2441 Cobb Parkway<br/>Smyrna, GA 30080",
  "WebsiteLink": "http://www.cyclegear.com",
  "WebsiteDisplay": "www.cyclegear.com"
}, {
  "Id": "dealers-129",
  "Name": "Edwards Motorsports",
  "Address": "1010 34TH AVENUE",
  "Address2": null,
  "City": "Council Bluffs",
  "State": "IA",
  "PostalCode": "51501",
  "Phone": "(712) 366-8400",
  "Website": "http://www.fullthrottleia.com",
  "FullState": "Iowa",
  "FullAddress": "1010 34TH AVENUE<br/>Council Bluffs, IA 51501",
  "WebsiteLink": "http://www.fullthrottleia.com",
  "WebsiteDisplay": "www.fullthrottleia.com"
}, {
  "Id": "dealers-662",
  "Name": "Cycle Gear",
  "Address": "3055 E. Fairview Ave.",
  "Address2": null,
  "City": "Meridian",
  "State": "ID",
  "PostalCode": "83642",
  "Phone": "(208) 887-4942",
  "Website": "www.cyclegear.com",
  "FullState": "Idaho",
  "FullAddress": "3055 E. Fairview Ave.<br/>Meridian, ID 83642",
  "WebsiteLink": "http://www.cyclegear.com",
  "WebsiteDisplay": "www.cyclegear.com"
}, {
  "Id": "dealers-993",
  "Name": "Moto One",
  "Address": "2346 S Orchard St",
  "Address2": null,
  "City": "Boise",
  "State": "ID",
  "PostalCode": "83705",
  "Phone": "(208) 344-2123",
  "Website": "motooneonline.com",
  "FullState": "Idaho",
  "FullAddress": "2346 S Orchard St<br/>Boise, ID 83705",
  "WebsiteLink": "http://motooneonline.com",
  "WebsiteDisplay": "motooneonline.com"
}, {
  "Id": "dealers-1186",
  "Name": "Moto One KTM",
  "Address": "680 Franklin Blvd.",
  "Address2": null,
  "City": "Nampa",
  "State": "ID",
  "PostalCode": "83687",
  "Phone": "(208) 513-1791",
  "Website": "www.motoonektm.com",
  "FullState": "Idaho",
  "FullAddress": "680 Franklin Blvd.<br/>Nampa, ID 83687",
  "WebsiteLink": "http://www.motoonektm.com",
  "WebsiteDisplay": "www.motoonektm.com"
}, {
  "Id": "dealers-704",
  "Name": "Cycle Gear",
  "Address": "695 E. Golf Road",
  "Address2": null,
  "City": "Schaumburg",
  "State": "IL",
  "PostalCode": "60173",
  "Phone": "(847) 310-4800",
  "Website": "www.cyclegear.com",
  "FullState": "Illinois",
  "FullAddress": "695 E. Golf Road<br/>Schaumburg, IL 60173",
  "WebsiteLink": "http://www.cyclegear.com",
  "WebsiteDisplay": "www.cyclegear.com"
}, {
  "Id": "dealers-706",
  "Name": "Cycle Gear",
  "Address": "6905 W 159TH St. Ste A",
  "Address2": null,
  "City": "Tinley",
  "State": "IL",
  "PostalCode": "60477",
  "Phone": "(708) 263-4648",
  "Website": "www.cyclegear.com",
  "FullState": "Illinois",
  "FullAddress": "6905 W 159TH St. Ste A<br/>Tinley, IL 60477",
  "WebsiteLink": "http://www.cyclegear.com",
  "WebsiteDisplay": "www.cyclegear.com"
}, {
  "Id": "dealers-715",
  "Name": "Cycle Gear",
  "Address": "6024 E. 82ND",
  "Address2": null,
  "City": "Castleton",
  "State": "IN",
  "PostalCode": "46250",
  "Phone": "(317) 913-9213",
  "Website": "www.cyclegear.com",
  "FullState": "Indiana",
  "FullAddress": "6024 E. 82ND<br/>Castleton, IN 46250",
  "WebsiteLink": "http://www.cyclegear.com",
  "WebsiteDisplay": "www.cyclegear.com"
}, {
  "Id": "dealers-513",
  "Name": "Dreyer Honda",
  "Address": "4152 W Washington St",
  "Address2": null,
  "City": "Indianapolis",
  "State": "IN",
  "PostalCode": "46241",
  "Phone": "(317) 248-1403",
  "Website": "http://www.dreyerhonda.com",
  "FullState": "Indiana",
  "FullAddress": "4152 W Washington St<br/>Indianapolis, IN 46241",
  "WebsiteLink": "http://www.dreyerhonda.com",
  "WebsiteDisplay": "www.dreyerhonda.com"
}, {
  "Id": "dealers-1153",
  "Name": "Thompson's Motorsports",
  "Address": "250 W Honey Creek Pkwy, Terre Haute, IN 47802",
  "Address2": null,
  "City": "Terre Haute",
  "State": "IN",
  "PostalCode": "47802",
  "Phone": "812-232-7433",
  "Website": "www.thompsonsmotorsports.com",
  "FullState": "Indiana",
  "FullAddress": "250 W Honey Creek Pkwy, Terre Haute, IN 47802<br/>Terre Haute, IN 47802",
  "WebsiteLink": "http://www.thompsonsmotorsports.com",
  "WebsiteDisplay": "www.thompsonsmotorsports.com"
}, {
  "Id": "dealers-699",
  "Name": "Cycle Gear",
  "Address": "9128 Marshall Dr",
  "Address2": null,
  "City": "Lenexa",
  "State": "KS",
  "PostalCode": "66215",
  "Phone": "(913) 307-0420",
  "Website": "www.cyclegear.com",
  "FullState": "Kansas",
  "FullAddress": "9128 Marshall Dr<br/>Lenexa, KS 66215",
  "WebsiteLink": "http://www.cyclegear.com",
  "WebsiteDisplay": "www.cyclegear.com"
}, {
  "Id": "dealers-712",
  "Name": "Cycle Gear",
  "Address": "3236 N. Rock Road Suite 140",
  "Address2": null,
  "City": "Wichita",
  "State": "KS",
  "PostalCode": "67226",
  "Phone": "(316) 854-1097",
  "Website": "www.cyclegear.com",
  "FullState": "Kansas",
  "FullAddress": "3236 N. Rock Road Suite 140<br/>Wichita, KS 67226",
  "WebsiteLink": "http://www.cyclegear.com",
  "WebsiteDisplay": "www.cyclegear.com"
}, {
  "Id": "dealers-678",
  "Name": "Cycle Gear",
  "Address": "215 S. Hurstbourne Parkway Suite 101",
  "Address2": null,
  "City": "Louisville",
  "State": "KY",
  "PostalCode": "40222",
  "Phone": "(502) 426-9746",
  "Website": "www.cyclegear.com",
  "FullState": "Kentucky",
  "FullAddress": "215 S. Hurstbourne Parkway Suite 101<br/>Louisville, KY 40222",
  "WebsiteLink": "http://www.cyclegear.com",
  "WebsiteDisplay": "www.cyclegear.com"
}, {
  "Id": "dealers-694",
  "Name": "Cycle Gear",
  "Address": "4855 South Sherwood Forest Blvd",
  "Address2": null,
  "City": "Baton Rouge",
  "State": "LA",
  "PostalCode": "70816",
  "Phone": "(225) 293-5860",
  "Website": "www.cyclegear.com",
  "FullState": "Louisiana",
  "FullAddress": "4855 South Sherwood Forest Blvd<br/>Baton Rouge, LA 70816",
  "WebsiteLink": "http://www.cyclegear.com",
  "WebsiteDisplay": "www.cyclegear.com"
}, {
  "Id": "dealers-688",
  "Name": "Cycle Gear",
  "Address": "2926 Johnston Street",
  "Address2": null,
  "City": "Lafayette",
  "State": "LA",
  "PostalCode": "70503",
  "Phone": "(337) 264-0352",
  "Website": "www.cyclegear.com",
  "FullState": "Louisiana",
  "FullAddress": "2926 Johnston Street<br/>Lafayette, LA 70503",
  "WebsiteLink": "http://www.cyclegear.com",
  "WebsiteDisplay": "www.cyclegear.com"
}, {
  "Id": "dealers-713",
  "Name": "Cycle Gear",
  "Address": "12 Cummings Park Drive",
  "Address2": null,
  "City": "Woburn",
  "State": "MA",
  "PostalCode": "1801",
  "Phone": "(781) 995-0834",
  "Website": "www.cyclegear.com",
  "FullState": "Massachusetts",
  "FullAddress": "12 Cummings Park Drive<br/>Woburn, MA 1801",
  "WebsiteLink": "http://www.cyclegear.com",
  "WebsiteDisplay": "www.cyclegear.com"
}, {
  "Id": "dealers-702",
  "Name": "Cycle Gear",
  "Address": "14219 Baltimore Ave",
  "Address2": null,
  "City": "Laurel",
  "State": "MD",
  "PostalCode": "20707",
  "Phone": "(301) 490-3490",
  "Website": "www.cyclegear.com",
  "FullState": "Maryland",
  "FullAddress": "14219 Baltimore Ave<br/>Laurel, MD 20707",
  "WebsiteLink": "http://www.cyclegear.com",
  "WebsiteDisplay": "www.cyclegear.com"
}, {
  "Id": "dealers-682",
  "Name": "Cycle Gear",
  "Address": "10897 Saint Charles Rock Road",
  "Address2": null,
  "City": "Bridgeton",
  "State": "MO",
  "PostalCode": "63074",
  "Phone": "(314) 298-7222",
  "Website": "www.cyclegear.com",
  "FullState": "Missouri",
  "FullAddress": "10897 Saint Charles Rock Road<br/>Bridgeton, MO 63074",
  "WebsiteLink": "http://www.cyclegear.com",
  "WebsiteDisplay": "www.cyclegear.com"
}, {
  "Id": "dealers-687",
  "Name": "Cycle Gear",
  "Address": "544 North McPherson Church Road",
  "Address2": null,
  "City": "Fayetteville",
  "State": "NC",
  "PostalCode": "28303",
  "Phone": "(910) 860-8200",
  "Website": "www.cyclegear.com",
  "FullState": "North Carolina",
  "FullAddress": "544 North McPherson Church Road<br/>Fayetteville, NC 28303",
  "WebsiteLink": "http://www.cyclegear.com",
  "WebsiteDisplay": "www.cyclegear.com"
}, {
  "Id": "dealers-698",
  "Name": "Cycle Gear",
  "Address": "3916 E Franklin Blvd Suite 110",
  "Address2": null,
  "City": "Gastonia",
  "State": "NC",
  "PostalCode": "28052",
  "Phone": "(704) 824-1820",
  "Website": "www.cyclegear.com",
  "FullState": "North Carolina",
  "FullAddress": "3916 E Franklin Blvd Suite 110<br/>Gastonia, NC 28052",
  "WebsiteLink": "http://www.cyclegear.com",
  "WebsiteDisplay": "www.cyclegear.com"
}, {
  "Id": "dealers-681",
  "Name": "Cycle Gear",
  "Address": "4401 West Wendover Ave. #102",
  "Address2": null,
  "City": "Greensboro",
  "State": "NC",
  "PostalCode": "27407",
  "Phone": "(336) 297-4250",
  "Website": "www.cyclegear.com",
  "FullState": "North Carolina",
  "FullAddress": "4401 West Wendover Ave. #102<br/>Greensboro, NC 27407",
  "WebsiteLink": "http://www.cyclegear.com",
  "WebsiteDisplay": "www.cyclegear.com"
}, {
  "Id": "dealers-648",
  "Name": "Cycle Gear",
  "Address": "11328 'B' East Independence Blvd",
  "Address2": null,
  "City": "Matthews (Ch)",
  "State": "NC",
  "PostalCode": "28105",
  "Phone": "(704) 846-0440",
  "Website": "www.cyclegear.com",
  "FullState": "North Carolina",
  "FullAddress": "11328 'B' East Independence Blvd<br/>Matthews (Ch), NC 28105",
  "WebsiteLink": "http://www.cyclegear.com",
  "WebsiteDisplay": "www.cyclegear.com"
}, {
  "Id": "dealers-653",
  "Name": "Cycle Gear",
  "Address": "336 Tryon Road",
  "Address2": null,
  "City": "Raleigh",
  "State": "NC",
  "PostalCode": "27603",
  "Phone": "(919) 329-7858",
  "Website": "www.cyclegear.com",
  "FullState": "North Carolina",
  "FullAddress": "336 Tryon Road<br/>Raleigh, NC 27603",
  "WebsiteLink": "http://www.cyclegear.com",
  "WebsiteDisplay": "www.cyclegear.com"
}, {
  "Id": "dealers-203",
  "Name": "RideNow Powersports Concord",
  "Address": "254 Concord Parkway S",
  "Address2": null,
  "City": "Concord",
  "State": "NC",
  "PostalCode": "28027",
  "Phone": "(844) 465-4265",
  "Website": "https://www.ridenowconcord.com",
  "FullState": "North Carolina",
  "FullAddress": "254 Concord Parkway S<br/>Concord, NC 28027",
  "WebsiteLink": "https://www.ridenowconcord.com",
  "WebsiteDisplay": "www.ridenowconcord.com"
}, {
  "Id": "dealers-714",
  "Name": "Cycle Gear",
  "Address": "2070 East Route 70 Suite #1",
  "Address2": null,
  "City": "Cherry Hill",
  "State": "NJ",
  "PostalCode": "8003",
  "Phone": "(856) 874-8766",
  "Website": "www.cyclegear.com",
  "FullState": "New Jersey",
  "FullAddress": "2070 East Route 70 Suite #1<br/>Cherry Hill, NJ 8003",
  "WebsiteLink": "http://www.cyclegear.com",
  "WebsiteDisplay": "www.cyclegear.com"
}, {
  "Id": "dealers-685",
  "Name": "Cycle Gear",
  "Address": "2052 Lincoln Highway (Route 27)",
  "Address2": null,
  "City": "Edison",
  "State": "NJ",
  "PostalCode": "08817",
  "Phone": "(732) 248-7737",
  "Website": "www.cyclegear.com",
  "FullState": "New Jersey",
  "FullAddress": "2052 Lincoln Highway (Route 27)<br/>Edison, NJ 08817",
  "WebsiteLink": "http://www.cyclegear.com",
  "WebsiteDisplay": "www.cyclegear.com"
}, {
  "Id": "dealers-705",
  "Name": "Cycle Gear",
  "Address": "65 Route 17 S. Retail, Space #3",
  "Address2": null,
  "City": "Hasbrouck Heights",
  "State": "NJ",
  "PostalCode": "7604",
  "Phone": "(201) 257-5985",
  "Website": "www.cyclegear.com",
  "FullState": "New Jersey",
  "FullAddress": "65 Route 17 S. Retail, Space #3<br/>Hasbrouck Heights, NJ 7604",
  "WebsiteLink": "http://www.cyclegear.com",
  "WebsiteDisplay": "www.cyclegear.com"
}, {
  "Id": "dealers-631",
  "Name": "Cycle Gear",
  "Address": "5000 Cutler Ave, NE",
  "Address2": null,
  "City": "Albuquerque",
  "State": "NM",
  "PostalCode": "87110",
  "Phone": "(505) 830-4500",
  "Website": "www.cyclegear.com",
  "FullState": "New Mexico",
  "FullAddress": "5000 Cutler Ave, NE<br/>Albuquerque, NM 87110",
  "WebsiteLink": "http://www.cyclegear.com",
  "WebsiteDisplay": "www.cyclegear.com"
}, {
  "Id": "dealers-200",
  "Name": " RideNow Powersports on Boulder",
  "Address": "6350 Boulder Highway",
  "Address2": null,
  "City": "Las Vegas",
  "State": "NV",
  "PostalCode": "89122",
  "Phone": "(855) 971-8561",
  "Website": "https://www.ridenowboulder.com",
  "FullState": "Nevada",
  "FullAddress": "6350 Boulder Highway<br/>Las Vegas, NV 89122",
  "WebsiteLink": "https://www.ridenowboulder.com",
  "WebsiteDisplay": "www.ridenowboulder.com"
}, {
  "Id": "dealers-161",
  "Name": "Big Valley Honda",
  "Address": "2225 Market St.",
  "Address2": null,
  "City": "Reno",
  "State": "NV",
  "PostalCode": "89502",
  "Phone": "(775) 322-4311",
  "Website": "http://www.bigvalleyhonda.com",
  "FullState": "Nevada",
  "FullAddress": "2225 Market St.<br/>Reno, NV 89502",
  "WebsiteLink": "http://www.bigvalleyhonda.com",
  "WebsiteDisplay": "www.bigvalleyhonda.com"
}, {
  "Id": "dealers-257",
  "Name": "Carter Powersports",
  "Address": "6275 South Decatur",
  "Address2": null,
  "City": "Las Vegas",
  "State": "NV",
  "PostalCode": "89118",
  "Phone": "(702) 795-2000",
  "Website": "http://www.carterpowersports.com",
  "FullState": "Nevada",
  "FullAddress": "6275 South Decatur<br/>Las Vegas, NV 89118",
  "WebsiteLink": "http://www.carterpowersports.com",
  "WebsiteDisplay": "www.carterpowersports.com"
}, {
  "Id": "dealers-616",
  "Name": "Cycle Gear",
  "Address": "344 S. Decatur Blvd",
  "Address2": null,
  "City": "Las Vegas",
  "State": "NV",
  "PostalCode": "89107",
  "Phone": "(702) 877-4327",
  "Website": "www.cyclegear.com",
  "FullState": "Nevada",
  "FullAddress": "344 S. Decatur Blvd<br/>Las Vegas, NV 89107",
  "WebsiteLink": "http://www.cyclegear.com",
  "WebsiteDisplay": "www.cyclegear.com"
}, {
  "Id": "dealers-665",
  "Name": "Cycle Gear",
  "Address": "6280 S. Pecos Rd.",
  "Address2": null,
  "City": "Las Vegas (E)",
  "State": "NV",
  "PostalCode": "89120",
  "Phone": "(702) 435-0635",
  "Website": "www.cyclegear.com",
  "FullState": "Nevada",
  "FullAddress": "6280 S. Pecos Rd.<br/>Las Vegas (E), NV 89120",
  "WebsiteLink": "http://www.cyclegear.com",
  "WebsiteDisplay": "www.cyclegear.com"
}, {
  "Id": "dealers-201",
  "Name": "RideNow Powersports on Craig",
  "Address": "4120 E. Craig Road",
  "Address2": null,
  "City": "Las Vegas",
  "State": "NV",
  "PostalCode": "89030",
  "Phone": "(855) 975-5959",
  "Website": "https://www.ridenowcraig.com",
  "FullState": "Nevada",
  "FullAddress": "4120 E. Craig Road<br/>Las Vegas, NV 89030",
  "WebsiteLink": "https://www.ridenowcraig.com",
  "WebsiteDisplay": "www.ridenowcraig.com"
}, {
  "Id": "dealers-202",
  "Name": "RideNow Powersports on Rancho",
  "Address": "3800-50 North Rancho Drive",
  "Address2": null,
  "City": "Las Vegas",
  "State": "NV",
  "PostalCode": "89130",
  "Phone": "(702) 656-1800",
  "Website": "https://www.ridenowrancho.com",
  "FullState": "Nevada",
  "FullAddress": "3800-50 North Rancho Drive<br/>Las Vegas, NV 89130",
  "WebsiteLink": "https://www.ridenowrancho.com",
  "WebsiteDisplay": "www.ridenowrancho.com"
}, {
  "Id": "dealers-708",
  "Name": "Cycle Gear",
  "Address": "137 N. Broadway",
  "Address2": null,
  "City": "Hicksville",
  "State": "NY",
  "PostalCode": "11801",
  "Phone": "(516) 806-5918",
  "Website": "www.cyclegear.com",
  "FullState": "New York",
  "FullAddress": "137 N. Broadway<br/>Hicksville, NY 11801",
  "WebsiteLink": "http://www.cyclegear.com",
  "WebsiteDisplay": "www.cyclegear.com"
}, {
  "Id": "dealers-718",
  "Name": "Cycle Gear",
  "Address": "388 Tarrytown Road",
  "Address2": null,
  "City": "White Plains",
  "State": "NY",
  "PostalCode": "10607",
  "Phone": "(914) 368-6974",
  "Website": "www.cyclegear.com",
  "FullState": "New York",
  "FullAddress": "388 Tarrytown Road<br/>White Plains, NY 10607",
  "WebsiteLink": "http://www.cyclegear.com",
  "WebsiteDisplay": "www.cyclegear.com"
}, {
  "Id": "dealers-716",
  "Name": "Cycle Gear",
  "Address": "25102 Brookpark Rd.,  Suite D-114",
  "Address2": null,
  "City": "North Olmsted",
  "State": "OH",
  "PostalCode": "44070",
  "Phone": "(440) 249-7591",
  "Website": "www.cyclegear.com",
  "FullState": "Ohio",
  "FullAddress": "25102 Brookpark Rd.,  Suite D-114<br/>North Olmsted, OH 44070",
  "WebsiteLink": "http://www.cyclegear.com",
  "WebsiteDisplay": "www.cyclegear.com"
}, {
  "Id": "dealers-481",
  "Name": "Ajax Motorsports",
  "Address": "8417 South Interstate 35",
  "Address2": null,
  "City": "Oklahoma City",
  "State": "OK",
  "PostalCode": "73149",
  "Phone": "(405) 634-8400",
  "Website": "http://www.ajaxmotorsports.com",
  "FullState": "Oklahoma",
  "FullAddress": "8417 South Interstate 35<br/>Oklahoma City, OK 73149",
  "WebsiteLink": "http://www.ajaxmotorsports.com",
  "WebsiteDisplay": "www.ajaxmotorsports.com"
}, {
  "Id": "dealers-635",
  "Name": "Cycle Gear",
  "Address": "2717 Northwest Expressway",
  "Address2": null,
  "City": "Oklahoma City",
  "State": "OK",
  "PostalCode": "73112",
  "Phone": "(405) 842-0111",
  "Website": "www.cyclegear.com",
  "FullState": "Oklahoma",
  "FullAddress": "2717 Northwest Expressway<br/>Oklahoma City, OK 73112",
  "WebsiteLink": "http://www.cyclegear.com",
  "WebsiteDisplay": "www.cyclegear.com"
}, {
  "Id": "dealers-646",
  "Name": "Cycle Gear",
  "Address": "6701-A East 41st Street",
  "Address2": null,
  "City": "Tulsa",
  "State": "OK",
  "PostalCode": "74145",
  "Phone": "(918) 384-0608",
  "Website": "www.cyclegear.com",
  "FullState": "Oklahoma",
  "FullAddress": "6701-A East 41st Street<br/>Tulsa, OK 74145",
  "WebsiteLink": "http://www.cyclegear.com",
  "WebsiteDisplay": "www.cyclegear.com"
}, {
  "Id": "dealers-1089",
  "Name": "Bay Area Yamaha Cycles",
  "Address": "1397 Sherman Ave # 2",
  "Address2": null,
  "City": "North Bend",
  "State": "OR",
  "PostalCode": "97459",
  "Phone": "(541) 756-1278",
  "Website": "www.bayareayamaha.com",
  "FullState": "Oregon",
  "FullAddress": "1397 Sherman Ave # 2<br/>North Bend, OR 97459",
  "WebsiteLink": "http://www.bayareayamaha.com",
  "WebsiteDisplay": "www.bayareayamaha.com"
}, {
  "Id": "dealers-727",
  "Name": "Cycle Gear",
  "Address": "11135 SW Canyon Rd, Ste. A",
  "Address2": null,
  "City": "Beaverton",
  "State": "OR",
  "PostalCode": "97005",
  "Phone": "(503) 520-6000",
  "Website": "www.cyclegear.com",
  "FullState": "Oregon",
  "FullAddress": "11135 SW Canyon Rd, Ste. A<br/>Beaverton, OR 97005",
  "WebsiteLink": "http://www.cyclegear.com",
  "WebsiteDisplay": "www.cyclegear.com"
}, {
  "Id": "dealers-624",
  "Name": "Cycle Gear",
  "Address": "8930 S.E. Stark St",
  "Address2": null,
  "City": "Portland",
  "State": "OR",
  "PostalCode": "97216",
  "Phone": "(503) 257-7047",
  "Website": "www.cyclegear.com",
  "FullState": "Oregon",
  "FullAddress": "8930 S.E. Stark St<br/>Portland, OR 97216",
  "WebsiteLink": "http://www.cyclegear.com",
  "WebsiteDisplay": "www.cyclegear.com"
}, {
  "Id": "dealers-661",
  "Name": "Cycle Gear",
  "Address": "180 Lancaster N.E.",
  "Address2": null,
  "City": "Salem",
  "State": "OR",
  "PostalCode": "97301",
  "Phone": "(503) 589-1515",
  "Website": "www.cyclegear.com",
  "FullState": "Oregon",
  "FullAddress": "180 Lancaster N.E.<br/>Salem, OR 97301",
  "WebsiteLink": "http://www.cyclegear.com",
  "WebsiteDisplay": "www.cyclegear.com"
}, {
  "Id": "dealers-675",
  "Name": "Cycle Gear",
  "Address": "3137 Gateway Street",
  "Address2": null,
  "City": "Springfield",
  "State": "OR",
  "PostalCode": "97477",
  "Phone": "(541) 747-1575",
  "Website": "www.cyclegear.com",
  "FullState": "Oregon",
  "FullAddress": "3137 Gateway Street<br/>Springfield, OR 97477",
  "WebsiteLink": "http://www.cyclegear.com",
  "WebsiteDisplay": "www.cyclegear.com"
}, {
  "Id": "dealers-1154",
  "Name": "Moto Gear",
  "Address": "4065 W 11th Ave #31",
  "Address2": null,
  "City": "Eugene",
  "State": "OR",
  "PostalCode": "97404",
  "Phone": "(541) 636-3200",
  "Website": "www.motogeareugene.com",
  "FullState": "Oregon",
  "FullAddress": "4065 W 11th Ave #31<br/>Eugene, OR 97404",
  "WebsiteLink": "http://www.motogeareugene.com",
  "WebsiteDisplay": "www.motogeareugene.com"
}, {
  "Id": "dealers-679",
  "Name": "Cycle Gear",
  "Address": "2229 Lehigh Street",
  "Address2": null,
  "City": "Allentown",
  "State": "PA",
  "PostalCode": "18103",
  "Phone": "(610) 791-9880",
  "Website": "www.cyclegear.com",
  "FullState": "Pennsylvania",
  "FullAddress": "2229 Lehigh Street<br/>Allentown, PA 18103",
  "WebsiteLink": "http://www.cyclegear.com",
  "WebsiteDisplay": "www.cyclegear.com"
}, {
  "Id": "dealers-697",
  "Name": "Cycle Gear",
  "Address": "4848 William Flynn Highway Unit 3",
  "Address2": null,
  "City": "Allison Park",
  "State": "PA",
  "PostalCode": "15101",
  "Phone": "(724) 444-4260",
  "Website": "www.cyclegear.com",
  "FullState": "Pennsylvania",
  "FullAddress": "4848 William Flynn Highway Unit 3<br/>Allison Park, PA 15101",
  "WebsiteLink": "http://www.cyclegear.com",
  "WebsiteDisplay": "www.cyclegear.com"
}, {
  "Id": "dealers-709",
  "Name": "Cycle Gear",
  "Address": "3462 Paxton St.",
  "Address2": null,
  "City": "Harrisburg",
  "State": "PA",
  "PostalCode": "17111",
  "Phone": "(717) 773-4324",
  "Website": "www.cyclegear.com",
  "FullState": "Pennsylvania",
  "FullAddress": "3462 Paxton St.<br/>Harrisburg, PA 17111",
  "WebsiteLink": "http://www.cyclegear.com",
  "WebsiteDisplay": "www.cyclegear.com"
}, {
  "Id": "dealers-289",
  "Name": "Williamsport Honda",
  "Address": "2091 Lycoming Creek Rd.",
  "Address2": null,
  "City": "Williamsport",
  "State": "PA",
  "PostalCode": "17701",
  "Phone": "(570) 323-9959",
  "Website": "williamsporthonda.com",
  "FullState": "Pennsylvania",
  "FullAddress": "2091 Lycoming Creek Rd.<br/>Williamsport, PA 17701",
  "WebsiteLink": "http://williamsporthonda.com",
  "WebsiteDisplay": "williamsporthonda.com"
}, {
  "Id": "dealers-711",
  "Name": "Cycle Gear",
  "Address": "1400 Bald Hill Road",
  "Address2": null,
  "City": "Warwick",
  "State": "RI",
  "PostalCode": "2886",
  "Phone": "(401) 262-5037",
  "Website": "www.cyclegear.com",
  "FullState": "Rhode Island",
  "FullAddress": "1400 Bald Hill Road<br/>Warwick, RI 2886",
  "WebsiteLink": "http://www.cyclegear.com",
  "WebsiteDisplay": "www.cyclegear.com"
}, {
  "Id": "dealers-674",
  "Name": "Cycle Gear",
  "Address": "817 St. Andrews Rd",
  "Address2": null,
  "City": "Columbia",
  "State": "SC",
  "PostalCode": "29210",
  "Phone": "(803) 750-9294",
  "Website": "www.cyclegear.com",
  "FullState": "South Carolina",
  "FullAddress": "817 St. Andrews Rd<br/>Columbia, SC 29210",
  "WebsiteLink": "http://www.cyclegear.com",
  "WebsiteDisplay": "www.cyclegear.com"
}, {
  "Id": "dealers-649",
  "Name": "Cycle Gear",
  "Address": "2017 Wade Hampton Blvd",
  "Address2": null,
  "City": "Greenville",
  "State": "SC",
  "PostalCode": "29615",
  "Phone": "(864) 322-6626",
  "Website": "www.cyclegear.com",
  "FullState": "South Carolina",
  "FullAddress": "2017 Wade Hampton Blvd<br/>Greenville, SC 29615",
  "WebsiteLink": "http://www.cyclegear.com",
  "WebsiteDisplay": "www.cyclegear.com"
}, {
  "Id": "dealers-676",
  "Name": "Cycle Gear",
  "Address": "4400 Dorchester Road Suite 115",
  "Address2": null,
  "City": "N. Charleston",
  "State": "SC",
  "PostalCode": "29405",
  "Phone": "(843) 974-6460",
  "Website": "www.cyclegear.com",
  "FullState": "South Carolina",
  "FullAddress": "4400 Dorchester Road Suite 115<br/>N. Charleston, SC 29405",
  "WebsiteLink": "http://www.cyclegear.com",
  "WebsiteDisplay": "www.cyclegear.com"
}, {
  "Id": "dealers-660",
  "Name": "Cycle Gear",
  "Address": "268 North Peters Road",
  "Address2": null,
  "City": "Knoxville",
  "State": "TN",
  "PostalCode": "37923",
  "Phone": "(865) 560-5657",
  "Website": "www.cyclegear.com",
  "FullState": "Tennessee",
  "FullAddress": "268 North Peters Road<br/>Knoxville, TN 37923",
  "WebsiteLink": "http://www.cyclegear.com",
  "WebsiteDisplay": "www.cyclegear.com"
}, {
  "Id": "dealers-658",
  "Name": "Cycle Gear",
  "Address": "1677 Gallatin Pike North",
  "Address2": null,
  "City": "Madison",
  "State": "TN",
  "PostalCode": "37115",
  "Phone": "(615) 612-6234",
  "Website": "www.cyclegear.com",
  "FullState": "Tennessee",
  "FullAddress": "1677 Gallatin Pike North<br/>Madison, TN 37115",
  "WebsiteLink": "http://www.cyclegear.com",
  "WebsiteDisplay": "www.cyclegear.com"
}, {
  "Id": "dealers-672",
  "Name": "Cycle Gear",
  "Address": "6343 Summer Avenue Suite 104",
  "Address2": null,
  "City": "Memphis",
  "State": "TN",
  "PostalCode": "38134",
  "Phone": "(901) 371-9692",
  "Website": "www.cyclegear.com",
  "FullState": "Tennessee",
  "FullAddress": "6343 Summer Avenue Suite 104<br/>Memphis, TN 38134",
  "WebsiteLink": "http://www.cyclegear.com",
  "WebsiteDisplay": "www.cyclegear.com"
}, {
  "Id": "dealers-633",
  "Name": "Cycle Gear",
  "Address": "9070 Research Blvd, Space 202",
  "Address2": null,
  "City": "Austin",
  "State": "TX",
  "PostalCode": "78758",
  "Phone": "(512) 302-0700",
  "Website": "www.cyclegear.com",
  "FullState": "Texas",
  "FullAddress": "9070 Research Blvd, Space 202<br/>Austin, TX 78758",
  "WebsiteLink": "http://www.cyclegear.com",
  "WebsiteDisplay": "www.cyclegear.com"
}, {
  "Id": "dealers-643",
  "Name": "Cycle Gear",
  "Address": "1424-F Airport Freeway",
  "Address2": null,
  "City": "Bedford",
  "State": "TX",
  "PostalCode": "76022",
  "Phone": "(817) 545-7939",
  "Website": "www.cyclegear.com",
  "FullState": "Texas",
  "FullAddress": "1424-F Airport Freeway<br/>Bedford, TX 76022",
  "WebsiteLink": "http://www.cyclegear.com",
  "WebsiteDisplay": "www.cyclegear.com"
}, {
  "Id": "dealers-636",
  "Name": "Cycle Gear",
  "Address": "3032 Alta Mere Drive",
  "Address2": null,
  "City": "Fort Worth",
  "State": "TX",
  "PostalCode": "76116",
  "Phone": "(817) 696-9700",
  "Website": "www.cyclegear.com",
  "FullState": "Texas",
  "FullAddress": "3032 Alta Mere Drive<br/>Fort Worth, TX 76116",
  "WebsiteLink": "http://www.cyclegear.com",
  "WebsiteDisplay": "www.cyclegear.com"
}, {
  "Id": "dealers-637",
  "Name": "Cycle Gear",
  "Address": "10900 Gulf Freeway, Suite C",
  "Address2": null,
  "City": "Houston (A)",
  "State": "TX",
  "PostalCode": "77034",
  "Phone": "(713) 941-3364",
  "Website": "www.cyclegear.com",
  "FullState": "Texas",
  "FullAddress": "10900 Gulf Freeway, Suite C<br/>Houston (A), TX 77034",
  "WebsiteLink": "http://www.cyclegear.com",
  "WebsiteDisplay": "www.cyclegear.com"
}, {
  "Id": "dealers-640",
  "Name": "Cycle Gear",
  "Address": "10998 North Freeway Suite D",
  "Address2": null,
  "City": "Houston (G)",
  "State": "TX",
  "PostalCode": "77037",
  "Phone": "(281) 448-3700",
  "Website": "www.cyclegear.com",
  "FullState": "Texas",
  "FullAddress": "10998 North Freeway Suite D<br/>Houston (G), TX 77037",
  "WebsiteLink": "http://www.cyclegear.com",
  "WebsiteDisplay": "www.cyclegear.com"
}, {
  "Id": "dealers-666",
  "Name": "Cycle Gear",
  "Address": "7204 Southwest Fwy",
  "Address2": null,
  "City": "Houston (S)",
  "State": "TX",
  "PostalCode": "77074",
  "Phone": "(713) 271-5201",
  "Website": "www.cyclegear.com",
  "FullState": "Texas",
  "FullAddress": "7204 Southwest Fwy<br/>Houston (S), TX 77074",
  "WebsiteLink": "http://www.cyclegear.com",
  "WebsiteDisplay": "www.cyclegear.com"
}, {
  "Id": "dealers-721",
  "Name": "Cycle Gear",
  "Address": "3210 E Central Expressway Suite 401",
  "Address2": null,
  "City": "Killeen",
  "State": "TX",
  "PostalCode": "76543",
  "Phone": "(254) 350-2893",
  "Website": "www.cyclegear.com",
  "FullState": "Texas",
  "FullAddress": "3210 E Central Expressway Suite 401<br/>Killeen, TX 76543",
  "WebsiteLink": "http://www.cyclegear.com",
  "WebsiteDisplay": "www.cyclegear.com"
}, {
  "Id": "dealers-724",
  "Name": "Cycle Gear",
  "Address": "2267 S Stemmon S Freeway Suite 604",
  "Address2": null,
  "City": "Lewisville",
  "State": "TX",
  "PostalCode": "75067",
  "Phone": "(469) 293-1047",
  "Website": "www.cyclegear.com",
  "FullState": "Texas",
  "FullAddress": "2267 S Stemmon S Freeway Suite 604<br/>Lewisville, TX 75067",
  "WebsiteLink": "http://www.cyclegear.com",
  "WebsiteDisplay": "www.cyclegear.com"
}, {
  "Id": "dealers-632",
  "Name": "Cycle Gear",
  "Address": "2301 N. Central Expwy, Space 182",
  "Address2": null,
  "City": "Plano",
  "State": "TX",
  "PostalCode": "75075",
  "Phone": "(214) 473-8044",
  "Website": "www.cyclegear.com",
  "FullState": "Texas",
  "FullAddress": "2301 N. Central Expwy, Space 182<br/>Plano, TX 75075",
  "WebsiteLink": "http://www.cyclegear.com",
  "WebsiteDisplay": "www.cyclegear.com"
}, {
  "Id": "dealers-642",
  "Name": "Cycle Gear",
  "Address": "9975 IH-10 West",
  "Address2": null,
  "City": "San Antonio",
  "State": "TX",
  "PostalCode": "78230",
  "Phone": "(210) 558-8700",
  "Website": "www.cyclegear.com",
  "FullState": "Texas",
  "FullAddress": "9975 IH-10 West<br/>San Antonio, TX 78230",
  "WebsiteLink": "http://www.cyclegear.com",
  "WebsiteDisplay": "www.cyclegear.com"
}, {
  "Id": "dealers-577",
  "Name": "Grapevine Powersports",
  "Address": "721 W State Highway 114",
  "Address2": null,
  "City": "Grapevine",
  "State": "TX",
  "PostalCode": "76051",
  "Phone": "(817) 481-2500",
  "Website": "www.grapevinepowersports.com",
  "FullState": "Texas",
  "FullAddress": "721 W State Highway 114<br/>Grapevine, TX 76051",
  "WebsiteLink": "http://www.grapevinepowersports.com",
  "WebsiteDisplay": "www.grapevinepowersports.com"
}, {
  "Id": "dealers-668",
  "Name": "Cycle Gear",
  "Address": "78 E 11400 S",
  "Address2": null,
  "City": "Draper",
  "State": "UT",
  "PostalCode": "84020",
  "Phone": "(801) 553-2150",
  "Website": "www.cyclegear.com",
  "FullState": "Utah",
  "FullAddress": "78 E 11400 S<br/>Draper, UT 84020",
  "WebsiteLink": "http://www.cyclegear.com",
  "WebsiteDisplay": "www.cyclegear.com"
}, {
  "Id": "dealers-98",
  "Name": "Vernal Sports Center dba Beers Harley Davidson",
  "Address": "2029 W Highway 40",
  "Address2": null,
  "City": "Vernal",
  "State": "UT",
  "PostalCode": "84078",
  "Phone": "(435) 789-5196",
  "Website": "http://www.beersharley.com",
  "FullState": "Utah",
  "FullAddress": "2029 W Highway 40<br/>Vernal, UT 84078",
  "WebsiteLink": "http://www.beersharley.com",
  "WebsiteDisplay": "www.beersharley.com"
}, {
  "Id": "dealers-671",
  "Name": "Cycle Gear",
  "Address": "1547 E Little Creek Road",
  "Address2": null,
  "City": "Norfolk",
  "State": "VA",
  "PostalCode": "23518",
  "Phone": "(757) 480-5680",
  "Website": "www.cyclegear.com",
  "FullState": "Virginia",
  "FullAddress": "1547 E Little Creek Road<br/>Norfolk, VA 23518",
  "WebsiteLink": "http://www.cyclegear.com",
  "WebsiteDisplay": "www.cyclegear.com"
}, {
  "Id": "dealers-707",
  "Name": "Cycle Gear",
  "Address": "7000 Spring Garden Dr.",
  "Address2": null,
  "City": "Springfield",
  "State": "VA",
  "PostalCode": "22150",
  "Phone": "(703) 940-0958",
  "Website": "www.cyclegear.com",
  "FullState": "Virginia",
  "FullAddress": "7000 Spring Garden Dr.<br/>Springfield, VA 22150",
  "WebsiteLink": "http://www.cyclegear.com",
  "WebsiteDisplay": "www.cyclegear.com"
}, {
  "Id": "dealers-962",
  "Name": "Brothers Motorsports ",
  "Address": "5205 1st Street",
  "Address2": null,
  "City": "Bremerton",
  "State": "WA",
  "PostalCode": "98312",
  "Phone": "(877) 479-6943",
  "Website": "http://www.brotherspowersports.com",
  "FullState": "Washington",
  "FullAddress": "5205 1st Street<br/>Bremerton, WA 98312",
  "WebsiteLink": "http://www.brotherspowersports.com",
  "WebsiteDisplay": "www.brotherspowersports.com"
}, {
  "Id": "dealers-622",
  "Name": "Cycle Gear",
  "Address": "1210 Auburn Way North",
  "Address2": null,
  "City": "Auburn",
  "State": "WA",
  "PostalCode": "98002",
  "Phone": "(253) 876-9999",
  "Website": "www.cyclegear.com",
  "FullState": "Washington",
  "FullAddress": "1210 Auburn Way North<br/>Auburn, WA 98002",
  "WebsiteLink": "http://www.cyclegear.com",
  "WebsiteDisplay": "www.cyclegear.com"
}, {
  "Id": "dealers-703",
  "Name": "Cycle Gear",
  "Address": "4210 196th St. SW",
  "Address2": null,
  "City": "Lynnwood",
  "State": "WA",
  "PostalCode": "98036",
  "Phone": "(425) 640-3003",
  "Website": "www.cyclegear.com",
  "FullState": "Washington",
  "FullAddress": "4210 196th St. SW<br/>Lynnwood, WA 98036",
  "WebsiteLink": "http://www.cyclegear.com",
  "WebsiteDisplay": "www.cyclegear.com"
}, {
  "Id": "dealers-689",
  "Name": "Cycle Gear",
  "Address": "5727 East Sprague Ave",
  "Address2": null,
  "City": "Spokane",
  "State": "WA",
  "PostalCode": "99212",
  "Phone": "(509) 535-4330",
  "Website": "www.cyclegear.com",
  "FullState": "Washington",
  "FullAddress": "5727 East Sprague Ave<br/>Spokane, WA 99212",
  "WebsiteLink": "http://www.cyclegear.com",
  "WebsiteDisplay": "www.cyclegear.com"
}, {
  "Id": "dealers-620",
  "Name": "Cycle Gear",
  "Address": "2501 S. 38th St",
  "Address2": null,
  "City": "Tacoma",
  "State": "WA",
  "PostalCode": "98409",
  "Phone": "(253) 475-5444",
  "Website": "www.cyclegear.com",
  "FullState": "Washington",
  "FullAddress": "2501 S. 38th St<br/>Tacoma, WA 98409",
  "WebsiteLink": "http://www.cyclegear.com",
  "WebsiteDisplay": "www.cyclegear.com"
}, {
  "Id": "dealers-686",
  "Name": "Cycle Gear",
  "Address": "11505 NE Fourth Plain Road  Suite G3",
  "Address2": null,
  "City": "Vancouver",
  "State": "WA",
  "PostalCode": "98662",
  "Phone": "(360) 253-8484",
  "Website": "www.cyclegear.com",
  "FullState": "Washington",
  "FullAddress": "11505 NE Fourth Plain Road  Suite G3<br/>Vancouver, WA 98662",
  "WebsiteLink": "http://www.cyclegear.com",
  "WebsiteDisplay": "www.cyclegear.com"
}, {
  "Id": "dealers-321",
  "Name": "Lynnwood Motoplex",
  "Address": "17900 Hwy 99 ",
  "Address2": null,
  "City": "Lynnwood",
  "State": "WA",
  "PostalCode": "98037",
  "Phone": "(800) 774-0507",
  "Website": "http://www.motoplex.net",
  "FullState": "Washington",
  "FullAddress": "17900 Hwy 99 <br/>Lynnwood, WA 98037",
  "WebsiteLink": "http://www.motoplex.net",
  "WebsiteDisplay": "www.motoplex.net"
}, {
  "Id": "dealers-204",
  "Name": "RideNow Powersports Tri-Cities",
  "Address": "3305 W 19th Ave",
  "Address2": null,
  "City": "Kennewick",
  "State": "WA",
  "PostalCode": "99338",
  "Phone": "(509) 735-1117",
  "Website": "https://www.ridenowtricities.com",
  "FullState": "Washington",
  "FullAddress": "3305 W 19th Ave<br/>Kennewick, WA 99338",
  "WebsiteLink": "https://www.ridenowtricities.com",
  "WebsiteDisplay": "www.ridenowtricities.com"
}, {
  "Id": "dealers-710",
  "Name": "Cycle Gear",
  "Address": "19035 W. Bluemound Road",
  "Address2": null,
  "City": "Brookfield",
  "State": "WI",
  "PostalCode": "53045",
  "Phone": "(262) 649-1999",
  "Website": "www.cyclegear.com",
  "FullState": "Wisconsin",
  "FullAddress": "19035 W. Bluemound Road<br/>Brookfield, WI 53045",
  "WebsiteLink": "http://www.cyclegear.com",
  "WebsiteDisplay": "www.cyclegear.com"
}, {
  "Id": "dealers-717",
  "Name": "Cycle Gear",
  "Address": "4104 E. Washington Ave.",
  "Address2": null,
  "City": "Madison",
  "State": "WI",
  "PostalCode": "53704",
  "Phone": "(608) 234-5153",
  "Website": "www.cyclegear.com",
  "FullState": "Wisconsin",
  "FullAddress": "4104 E. Washington Ave.<br/>Madison, WI 53704",
  "WebsiteLink": "http://www.cyclegear.com",
  "WebsiteDisplay": "www.cyclegear.com"
}]